{"stats":{"minecraft:picked_up":{"minecraft:sandstone":102,"minecraft:light_blue_concrete":1,"minecraft:repeater":59,"minecraft:redstone_lamp":2,"minecraft:target":1,"minecraft:redstone":779,"minecraft:gray_concrete":1,"minecraft:oak_sign":3,"minecraft:bamboo_sign":4,"minecraft:magenta_wool":1,"minecraft:green_concrete":2,"minecraft:black_concrete":52,"minecraft:lever":18,"minecraft:comparator":9,"minecraft:redstone_torch":81,"minecraft:oak_button":1,"minecraft:red_concrete":27},"minecraft:dropped":{"minecraft:red_concrete":2,"minecraft:redstone_lamp":1,"minecraft:gray_concrete":1,"minecraft:lever":1,"minecraft:repeater":1,"minecraft:blue_wool":1,"minecraft:redstone_torch":1,"minecraft:sandstone":6,"minecraft:bamboo_sign":2,"minecraft:green_concrete":2,"minecraft:light_blue_concrete":1,"minecraft:oak_sign":5,"minecraft:redstone":8},"minecraft:custom":{"minecraft:time_since_rest":743852,"minecraft:sprint_one_cm":1549188,"minecraft:damage_taken":360,"minecraft:walk_one_cm":4203928,"minecraft:drop":32,"minecraft:fly_one_cm":9220352,"minecraft:crouch_one_cm":6568,"minecraft:play_time":1111313,"minecraft:deaths":2,"minecraft:sneak_time":5137,"minecraft:jump":5249,"minecraft:leave_game":35,"minecraft:time_since_death":743828,"minecraft:total_world_time":1369730,"minecraft:fall_one_cm":4422},"minecraft:used":{"minecraft:redstone_torch":469,"minecraft:green_concrete":39,"minecraft:lever":147,"minecraft:black_concrete":7873,"minecraft:pink_glazed_terracotta":12,"minecraft:orange_concrete":1,"minecraft:red_wool":37,"minecraft:red_concrete":412,"minecraft:green_wool":19,"minecraft:bamboo_hanging_sign":1,"minecraft:redstone":10086,"minecraft:barrier":1,"minecraft:oak_button":2,"minecraft:warped_slab":2,"minecraft:bamboo_sign":8,"minecraft:oak_sign":60,"minecraft:blue_wool":36,"minecraft:cyan_concrete":717,"minecraft:magenta_concrete":17,"minecraft:sandstone":3126,"minecraft:redstone_block":3,"minecraft:cherry_sign":11,"minecraft:yellow_wool":20,"minecraft:target":86,"minecraft:pink_concrete":788,"minecraft:repeater":1595,"minecraft:redstone_lamp":491,"minecraft:lime_concrete":28,"minecraft:comparator":41,"minecraft:magenta_wool":76,"minecraft:light_blue_concrete":50,"minecraft:yellow_concrete":103,"minecraft:orange_wool":73,"minecraft:gray_concrete":93,"minecraft:blue_concrete":1}},"DataVersion":3953}